id;description;contact_details;additional_info
1;lest;revolution unnecessarily;instantly why
2;well-informed nestle;meanwhile distinct deep;energetically lawsuit slate
3;oof between;beneath crisis gratefully;headbutt madly warmhearted
4;where lower;onto lace loudly;clear-cut
5;quicker;pfft quota boohoo;upwardly
6;huzzah aha;unlike;next outside
7;stopper gullible at;opposite who message;pace functional but
8;eek;ah hungrily ready;spouse cement snap
9;marionberry precede;dump;designation whoa
10;with;resolve assignment;within
